,Entity_Number,Entity_Name,Item,code,equip_name_short,Budget_Allocation,department,GROUP_AMOUNT_NEW,implementation,plan,reason,BUDGE_TYPE,BUDGE_CODE,NAME,BUDGE_STATUS,PROJ_TYPE,PROJ_TYPE_CODE,ISPAID,PAID_TYPE,YEAR,APPROVE_STATUS,PUSHFLAG,PUSHTIME,FREEZEFLAG,_create_time,CHANGEUSERNAME,ORGNAME,ORGID,_modifier,_modify_time,LASTUSERNAME,project_code,project_name,org_name,pk_manag_org,org_code,pk_company,company_name,company_code,M_FIR_BIZ,M_FIR_BIZ_CODE,M_SEC_BIZ,M_SEC_BIZ_CODE,M_BIZ_TYPE_NAME,M_BIZ_TYPE_CODE,sub_factory_code,sub_factory_name,factory_code,factory_name,start_month,acceptance_month,equipment_location,equip_seq,equipment_type,manufacturer,type,location,former_name,facility_period,facility_no,Operation,fati_name,fati_code
0,Y3720210036,山东日照岚山区污水处理项目-BOT,NE1e2bad42Eq06,NE1e2bad42,1期1#进水提升泵房#1#进水提升泵,Eq06,Equipment,2.0,I03,立即更换,,010103,BY3720210036,,1,,,,,2025,1,0,2025-04-03 15:50:30,0,2024-12-03 15:37:52,刘健,北控水务集团,900104972,liujian2,2024-12-03 15:37:52,刘健,Y3720210036,山东日照岚山区污水处理项目-BOT,日照市岚山区污水厂,1202552,D007483,0001D210000000000GA7,日照市岚山云通水务有限公司,040062,污水,01,市政污水处理,0101,市政污水处理,010101,PS37037-01,日照岚山,PS37037,日照市岚山区污水厂,2025-01-01,2025-02-01,el01,,CEQ010001,南方泵业,,1期1#进水提升泵房,,,,Y3720210036,1期1#进水提升泵房,PS3703703
1,Y3720210036,山东日照岚山区污水处理项目-BOT,PS3703701030003003AYEq01,PS3703701030003003AY,1期1#粗格栅1#粗格栅,Eq01,Equipment,1.2,,,,010103,BY3720210036,,1,,,,,2025,1,0,2025-04-03 15:50:30,0,,,,900104972,liujian2,2024-12-11 09:37:39,刘健,Y3720210036,山东日照岚山区污水处理项目-BOT,日照市岚山区污水厂,1202552,D007483,0001D210000000000GA7,日照市岚山云通水务有限公司,040062,污水,01,市政污水处理,0101,市政污水处理,010101,PS37037-01,日照岚山,PS37037,日照市岚山区污水厂,2024-11-01,2024-12-01,el01,1.0,回转式格栅,江苏通用,OR02,1期1#粗格栅,1#粗格栅,1期,9ab9fed5cc324b288a28668c83bfba5d,Y3720210036,1期1#粗格栅,PS3703701
2,Y3720210036,山东日照岚山区污水处理项目-BOT,PS3703701030003003AYEq04,PS3703701030003003AY,1期1#粗格栅1#粗格栅,Eq04,Equipment,0.2,I02,测试,,010103,BY3720210036,,1,,,,,2025,1,0,2025-04-03 15:50:30,0,,,,900104972,liujian2,2024-12-11 09:37:39,刘健,Y3720210036,山东日照岚山区污水处理项目-BOT,日照市岚山区污水厂,1202552,D007483,0001D210000000000GA7,日照市岚山云通水务有限公司,040062,污水,01,市政污水处理,0101,市政污水处理,010101,PS37037-01,日照岚山,PS37037,日照市岚山区污水厂,2024-11-01,2024-12-01,el01,1.0,回转式格栅,江苏通用,OR02,1期1#粗格栅,1#粗格栅,1期,9ab9fed5cc324b288a28668c83bfba5d,Y3720210036,1期1#粗格栅,PS3703701
3,Y3720210036,山东日照岚山区污水处理项目-BOT,PS3703701030003003AYEq09,PS3703701030003003AY,1期1#粗格栅1#粗格栅,Eq09,Equipment,11.0,I03,测试,,010103,BY3720210036,,1,,,,,2025,1,0,2025-04-03 15:50:30,0,,,,900104972,liujian2,2024-12-11 09:37:39,刘健,Y3720210036,山东日照岚山区污水处理项目-BOT,日照市岚山区污水厂,1202552,D007483,0001D210000000000GA7,日照市岚山云通水务有限公司,040062,污水,01,市政污水处理,0101,市政污水处理,010101,PS37037-01,日照岚山,PS37037,日照市岚山区污水厂,2024-11-01,2024-12-01,el01,1.0,回转式格栅,江苏通用,OR02,1期1#粗格栅,1#粗格栅,1期,9ab9fed5cc324b288a28668c83bfba5d,Y3720210036,1期1#粗格栅,PS3703701
4,Y3720210036,山东日照岚山区污水处理项目-BOT,PS3703701030003004AYEq01,PS3703701030003004AY,1期1#粗格栅2#粗格栅,Eq01,Equipment,1.2,,,,010103,BY3720210036,,1,,,,,2025,1,0,2025-04-03 15:50:30,0,,,,900104972,liujian2,2024-12-11 09:37:39,刘健,Y3720210036,山东日照岚山区污水处理项目-BOT,日照市岚山区污水厂,1202552,D007483,0001D210000000000GA7,日照市岚山云通水务有限公司,040062,污水,01,市政污水处理,0101,市政污水处理,010101,PS37037-01,日照岚山,PS37037,日照市岚山区污水厂,,,el01,2.0,回转式格栅,宜兴市新泰环保,,1期1#粗格栅,2#粗格栅,1期,9ab9fed5cc324b288a28668c83bfba5d,Y3720210036,1期1#粗格栅,PS3703701
5,Y3720210036,山东日照岚山区污水处理项目-BOT,PS3703701030003004AYEq04,PS3703701030003004AY,1期1#粗格栅2#粗格栅,Eq04,Equipment,0.2,I02,测试,,010103,BY3720210036,,1,,,,,2025,1,0,2025-04-03 15:50:30,0,,,,900104972,liujian2,2024-12-11 09:37:39,刘健,Y3720210036,山东日照岚山区污水处理项目-BOT,日照市岚山区污水厂,1202552,D007483,0001D210000000000GA7,日照市岚山云通水务有限公司,040062,污水,01,市政污水处理,0101,市政污水处理,010101,PS37037-01,日照岚山,PS37037,日照市岚山区污水厂,,,el01,2.0,回转式格栅,宜兴市新泰环保,,1期1#粗格栅,2#粗格栅,1期,9ab9fed5cc324b288a28668c83bfba5d,Y3720210036,1期1#粗格栅,PS3703701
6,Y3720210036,山东日照岚山区污水处理项目-BOT,PS3703701Eq02,PS3703701,1期1#粗格栅,Eq02,Equipment,0.2,,,,010103,BY3720210036,,1,,,,,2025,1,0,2025-04-03 15:50:30,0,,,,,houyannan,2024-10-29 14:00:01,,Y3720210036,山东日照岚山区污水处理项目-BOT,日照市岚山区污水厂,1202552,D007483,0001D210000000000GA7,日照市岚山云通水务有限公司,040062,污水,01,市政污水处理,0101,市政污水处理,010101,PS37037-01,日照岚山,PS37037,日照市岚山区污水厂,2024-01-01,2024-01-01,el02,,,,,,,1期,9ab9fed5cc324b288a28668c83bfba5d,,,
7,Y3720210036,山东日照岚山区污水处理项目-BOT,PS3703701Eq07,PS3703701,1期1#粗格栅,Eq07,Equipment,24.0,,12,,010103,BY3720210036,,1,,,,,2025,1,0,2025-04-03 15:50:30,0,,,,,houyannan,2024-10-29 14:00:01,,Y3720210036,山东日照岚山区污水处理项目-BOT,日照市岚山区污水厂,1202552,D007483,0001D210000000000GA7,日照市岚山云通水务有限公司,040062,污水,01,市政污水处理,0101,市政污水处理,010101,PS37037-01,日照岚山,PS37037,日照市岚山区污水厂,2024-01-01,2024-01-01,el02,,,,,,,1期,9ab9fed5cc324b288a28668c83bfba5d,,,
8,Y3720210036,山东日照岚山区污水处理项目-BOT,PS3703703010001005AYEq04,PS3703703010001005AY,1期1#进水提升泵房1#进水提升泵,Eq04,Equipment,0.2,I02,测试,,010103,BY3720210036,,1,,,,,2025,1,0,2025-04-03 15:50:30,0,,,,900104972,liujian2,2024-12-11 09:37:39,刘健,Y3720210036,山东日照岚山区污水处理项目-BOT,日照市岚山区污水厂,1202552,D007483,0001D210000000000GA7,日照市岚山云通水务有限公司,040062,污水,01,市政污水处理,0101,市政污水处理,010101,PS37037-01,日照岚山,PS37037,日照市岚山区污水厂,,,el01,1.0,潜水排污泵,南洋,,1期1#进水提升泵房,一期1#螺旋离心泵,1期,eacd6657a63645e089b126cbedbf5d56,Y3720210036,1期1#进水提升泵房,PS3703703
9,Y3720210036,山东日照岚山区污水处理项目-BOT,PS3703703010001006AYEq01,PS3703703010001006AY,1期1#进水提升泵房5#进水提升泵,Eq01,Equipment,1.2,,,,010103,BY3720210036,,1,,,,,2025,1,0,2025-04-03 15:50:30,0,,,,900104972,liujian2,2024-12-11 09:37:39,刘健,Y3720210036,山东日照岚山区污水处理项目-BOT,日照市岚山区污水厂,1202552,D007483,0001D210000000000GA7,日照市岚山云通水务有限公司,040062,污水,01,市政污水处理,0101,市政污水处理,010101,PS37037-01,日照岚山,PS37037,日照市岚山区污水厂,,,el01,5.0,潜水排污泵,威乐,,1期1#进水提升泵房,二期2#抗堵塞潜污泵,1期,eacd6657a63645e089b126cbedbf5d56,Y3720210036,1期1#进水提升泵房,PS3703703
10,Y3720210036,山东日照岚山区污水处理项目-BOT,PS3703703010001006AYEq04,PS3703703010001006AY,1期1#进水提升泵房5#进水提升泵,Eq04,Equipment,0.2,I02,测试,,010103,BY3720210036,,1,,,,,2025,1,0,2025-04-03 15:50:30,0,,,,900104972,liujian2,2024-12-11 09:37:39,刘健,Y3720210036,山东日照岚山区污水处理项目-BOT,日照市岚山区污水厂,1202552,D007483,0001D210000000000GA7,日照市岚山云通水务有限公司,040062,污水,01,市政污水处理,0101,市政污水处理,010101,PS37037-01,日照岚山,PS37037,日照市岚山区污水厂,,,el01,5.0,潜水排污泵,威乐,,1期1#进水提升泵房,二期2#抗堵塞潜污泵,1期,eacd6657a63645e089b126cbedbf5d56,Y3720210036,1期1#进水提升泵房,PS3703703
11,Y3720210036,山东日照岚山区污水处理项目-BOT,PS3703703010001007AYEq01,PS3703703010001007AY,1期1#进水提升泵房6#进水提升泵,Eq01,Equipment,1.2,,,,010103,BY3720210036,,1,,,,,2025,1,0,2025-04-03 15:50:30,0,,,,900104972,liujian2,2024-12-11 09:37:39,刘健,Y3720210036,山东日照岚山区污水处理项目-BOT,日照市岚山区污水厂,1202552,D007483,0001D210000000000GA7,日照市岚山云通水务有限公司,040062,污水,01,市政污水处理,0101,市政污水处理,010101,PS37037-01,日照岚山,PS37037,日照市岚山区污水厂,,,el01,6.0,潜水排污泵,威乐,,1期1#进水提升泵房,二期3#抗堵塞潜污泵,1期,eacd6657a63645e089b126cbedbf5d56,Y3720210036,1期1#进水提升泵房,PS3703703
12,Y3720210036,山东日照岚山区污水处理项目-BOT,PS3703703010001007AYEq04,PS3703703010001007AY,1期1#进水提升泵房6#进水提升泵,Eq04,Equipment,0.2,I02,测试,,010103,BY3720210036,,1,,,,,2025,1,0,2025-04-03 15:50:30,0,,,,900104972,liujian2,2024-12-11 09:37:39,刘健,Y3720210036,山东日照岚山区污水处理项目-BOT,日照市岚山区污水厂,1202552,D007483,0001D210000000000GA7,日照市岚山云通水务有限公司,040062,污水,01,市政污水处理,0101,市政污水处理,010101,PS37037-01,日照岚山,PS37037,日照市岚山区污水厂,,,el01,6.0,潜水排污泵,威乐,,1期1#进水提升泵房,二期3#抗堵塞潜污泵,1期,eacd6657a63645e089b126cbedbf5d56,Y3720210036,1期1#进水提升泵房,PS3703703
13,Y3720210036,山东日照岚山区污水处理项目-BOT,PS3703703010001008AYEq01,PS3703703010001008AY,1期1#进水提升泵房3#进水提升泵,Eq01,Equipment,1.2,,,,010103,BY3720210036,,1,,,,,2025,1,0,2025-04-03 15:50:30,0,,,,900104972,liujian2,2024-12-11 09:37:39,刘健,Y3720210036,山东日照岚山区污水处理项目-BOT,日照市岚山区污水厂,1202552,D007483,0001D210000000000GA7,日照市岚山云通水务有限公司,040062,污水,01,市政污水处理,0101,市政污水处理,010101,PS37037-01,日照岚山,PS37037,日照市岚山区污水厂,,,el01,3.0,潜水排污泵,南洋,,1期1#进水提升泵房,一期3#螺旋离心泵,1期,eacd6657a63645e089b126cbedbf5d56,Y3720210036,1期1#进水提升泵房,PS3703703
14,Y3720210036,山东日照岚山区污水处理项目-BOT,PS3703703010001008AYEq04,PS3703703010001008AY,1期1#进水提升泵房3#进水提升泵,Eq04,Equipment,0.2,I02,测试,,010103,BY3720210036,,1,,,,,2025,1,0,2025-04-03 15:50:30,0,,,,900104972,liujian2,2024-12-11 09:37:39,刘健,Y3720210036,山东日照岚山区污水处理项目-BOT,日照市岚山区污水厂,1202552,D007483,0001D210000000000GA7,日照市岚山云通水务有限公司,040062,污水,01,市政污水处理,0101,市政污水处理,010101,PS37037-01,日照岚山,PS37037,日照市岚山区污水厂,,,el01,3.0,潜水排污泵,南洋,,1期1#进水提升泵房,一期3#螺旋离心泵,1期,eacd6657a63645e089b126cbedbf5d56,Y3720210036,1期1#进水提升泵房,PS3703703
15,Y3720210036,山东日照岚山区污水处理项目-BOT,PS3703703010001009AYEq01,PS3703703010001009AY,1期1#进水提升泵房4#进水提升泵,Eq01,Equipment,1.2,,,,010103,BY3720210036,,1,,,,,2025,1,0,2025-04-03 15:50:30,0,,,,900104972,liujian2,2024-12-11 09:37:39,刘健,Y3720210036,山东日照岚山区污水处理项目-BOT,日照市岚山区污水厂,1202552,D007483,0001D210000000000GA7,日照市岚山云通水务有限公司,040062,污水,01,市政污水处理,0101,市政污水处理,010101,PS37037-01,日照岚山,PS37037,日照市岚山区污水厂,,,el01,4.0,潜水排污泵,威乐,,1期1#进水提升泵房,二期1#抗堵塞潜污泵,1期,eacd6657a63645e089b126cbedbf5d56,Y3720210036,1期1#进水提升泵房,PS3703703
16,Y3720210036,山东日照岚山区污水处理项目-BOT,PS3703703010001009AYEq04,PS3703703010001009AY,1期1#进水提升泵房4#进水提升泵,Eq04,Equipment,0.2,I02,测试,,010103,BY3720210036,,1,,,,,2025,1,0,2025-04-03 15:50:30,0,,,,900104972,liujian2,2024-12-11 09:37:39,刘健,Y3720210036,山东日照岚山区污水处理项目-BOT,日照市岚山区污水厂,1202552,D007483,0001D210000000000GA7,日照市岚山云通水务有限公司,040062,污水,01,市政污水处理,0101,市政污水处理,010101,PS37037-01,日照岚山,PS37037,日照市岚山区污水厂,,,el01,4.0,潜水排污泵,威乐,,1期1#进水提升泵房,二期1#抗堵塞潜污泵,1期,eacd6657a63645e089b126cbedbf5d56,Y3720210036,1期1#进水提升泵房,PS3703703
17,Y3720210036,山东日照岚山区污水处理项目-BOT,PS3703703010001010AYEq01,PS3703703010001010AY,1期1#进水提升泵房2#进水提升泵,Eq01,Equipment,1.2,,,,010103,BY3720210036,,1,,,,,2025,1,0,2025-04-03 15:50:30,0,,,,900104972,liujian2,2024-12-11 09:37:39,刘健,Y3720210036,山东日照岚山区污水处理项目-BOT,日照市岚山区污水厂,1202552,D007483,0001D210000000000GA7,日照市岚山云通水务有限公司,040062,污水,01,市政污水处理,0101,市政污水处理,010101,PS37037-01,日照岚山,PS37037,日照市岚山区污水厂,,,el01,2.0,潜水排污泵,南洋,,1期1#进水提升泵房,一期2#螺旋离心泵,1期,eacd6657a63645e089b126cbedbf5d56,Y3720210036,1期1#进水提升泵房,PS3703703
18,Y3720210036,山东日照岚山区污水处理项目-BOT,PS3703703010001010AYEq04,PS3703703010001010AY,1期1#进水提升泵房2#进水提升泵,Eq04,Equipment,0.2,I02,测试,,010103,BY3720210036,,1,,,,,2025,1,0,2025-04-03 15:50:30,0,,,,900104972,liujian2,2024-12-11 09:37:39,刘健,Y3720210036,山东日照岚山区污水处理项目-BOT,日照市岚山区污水厂,1202552,D007483,0001D210000000000GA7,日照市岚山云通水务有限公司,040062,污水,01,市政污水处理,0101,市政污水处理,010101,PS37037-01,日照岚山,PS37037,日照市岚山区污水厂,,,el01,2.0,潜水排污泵,南洋,,1期1#进水提升泵房,一期2#螺旋离心泵,1期,eacd6657a63645e089b126cbedbf5d56,Y3720210036,1期1#进水提升泵房,PS3703703
19,Y3720210036,山东日照岚山区污水处理项目-BOT,PS3703703100023039ANEq01,PS3703703100023039AN,1期1#进水提升泵房2#进水总流量计,Eq01,Equipment,1.2,,,,010103,BY3720210036,,1,,,,,2025,1,0,2025-04-03 15:50:30,0,,,,900104972,liujian2,2024-12-11 09:37:39,刘健,Y3720210036,山东日照岚山区污水处理项目-BOT,日照市岚山区污水厂,1202552,D007483,0001D210000000000GA7,日照市岚山云通水务有限公司,040062,污水,01,市政污水处理,0101,市政污水处理,010101,PS37037-01,日照岚山,PS37037,日照市岚山区污水厂,,,el01,2.0,电磁流量计,华利嘉,,1期1#进水提升泵房, ,1期,eacd6657a63645e089b126cbedbf5d56,Y3720210036,1期1#进水提升泵房,PS3703703
20,Y3720210036,山东日照岚山区污水处理项目-BOT,PS3703703Eq02,PS3703703,1期1#进水提升泵房,Eq02,Equipment,0.5,,,,010103,BY3720210036,,1,,,,,2025,1,0,2025-04-03 15:50:30,0,,,,900104972,liujian2,2024-12-10 16:57:29,刘健,Y3720210036,山东日照岚山区污水处理项目-BOT,日照市岚山区污水厂,1202552,D007483,0001D210000000000GA7,日照市岚山云通水务有限公司,040062,污水,01,市政污水处理,0101,市政污水处理,010101,PS37037-01,日照岚山,PS37037,日照市岚山区污水厂,2024-11-01,2024-12-01,el02,,,,,,,1期,eacd6657a63645e089b126cbedbf5d56,,,
21,Y3720210036,山东日照岚山区污水处理项目-BOT,PS3703703Eq07,PS3703703,1期1#进水提升泵房,Eq07,Equipment,11.0,,测试,,010103,BY3720210036,,1,,,,,2025,1,0,2025-04-03 15:50:30,0,,,,900104972,liujian2,2024-12-10 16:57:29,刘健,Y3720210036,山东日照岚山区污水处理项目-BOT,日照市岚山区污水厂,1202552,D007483,0001D210000000000GA7,日照市岚山云通水务有限公司,040062,污水,01,市政污水处理,0101,市政污水处理,010101,PS37037-01,日照岚山,PS37037,日照市岚山区污水厂,2024-11-01,2024-12-01,el02,,,,,,,1期,eacd6657a63645e089b126cbedbf5d56,,,
22,Y3720210036,山东日照岚山区污水处理项目-BOT,PS3703704Eq02,PS3703704,1期1#细格栅,Eq02,Equipment,0.2,,,,010103,BY3720210036,,1,,,,,2025,1,0,2025-04-03 15:50:30,0,,,,900104972,liujian2,2024-12-10 16:57:29,刘健,Y3720210036,山东日照岚山区污水处理项目-BOT,日照市岚山区污水厂,1202552,D007483,0001D210000000000GA7,日照市岚山云通水务有限公司,040062,污水,01,市政污水处理,0101,市政污水处理,010101,PS37037-01,日照岚山,PS37037,日照市岚山区污水厂,,,el02,,,,,,,1期,867028e49b63464bba5dc9d49ddb65e6,,,
23,Y3720210036,山东日照岚山区污水处理项目-BOT,PS3703709050003005AYEq01,PS3703709050003005AY,1期1#污泥脱水机房2#污泥脱水机,Eq01,Equipment,1.2,,,,010103,BY3720210036,,1,,,,,2025,1,0,2025-04-03 15:50:30,0,,,,900104972,liujian2,2024-12-11 09:37:39,刘健,Y3720210036,山东日照岚山区污水处理项目-BOT,日照市岚山区污水厂,1202552,D007483,0001D210000000000GA7,日照市岚山云通水务有限公司,040062,污水,01,市政污水处理,0101,市政污水处理,010101,PS37037-01,日照岚山,PS37037,日照市岚山区污水厂,,,el01,2.0,带式脱水机,无锡通用,,1期1#污泥脱水机房,一期2#带式脱水机,1期,3ef471ba197441749e4775feaa112488,Y3720210036,1期1#污泥脱水机房,PS3703709
24,Y3720210036,山东日照岚山区污水处理项目-BOT,PS3703709050003005AYEq04,PS3703709050003005AY,1期1#污泥脱水机房2#污泥脱水机,Eq04,Equipment,0.2,I02,测试,,010103,BY3720210036,,1,,,,,2025,1,0,2025-04-03 15:50:30,0,,,,900104972,liujian2,2024-12-11 09:37:39,刘健,Y3720210036,山东日照岚山区污水处理项目-BOT,日照市岚山区污水厂,1202552,D007483,0001D210000000000GA7,日照市岚山云通水务有限公司,040062,污水,01,市政污水处理,0101,市政污水处理,010101,PS37037-01,日照岚山,PS37037,日照市岚山区污水厂,,,el01,2.0,带式脱水机,无锡通用,,1期1#污泥脱水机房,一期2#带式脱水机,1期,3ef471ba197441749e4775feaa112488,Y3720210036,1期1#污泥脱水机房,PS3703709
25,Y3720210036,山东日照岚山区污水处理项目-BOT,PS3703709Eq02,PS3703709,1期1#污泥脱水机房,Eq02,Equipment,1.0,,,,010103,BY3720210036,,1,,,,,2025,1,0,2025-04-03 15:50:30,0,,,,900104972,liujian2,2024-12-10 16:57:29,刘健,Y3720210036,山东日照岚山区污水处理项目-BOT,日照市岚山区污水厂,1202552,D007483,0001D210000000000GA7,日照市岚山云通水务有限公司,040062,污水,01,市政污水处理,0101,市政污水处理,010101,PS37037-01,日照岚山,PS37037,日照市岚山区污水厂,,,el02,,,,,,,1期,3ef471ba197441749e4775feaa112488,,,
26,Y3720210036,山东日照岚山区污水处理项目-BOT,PS3703713Eq02,PS3703713,1期1#鼓风机房,Eq02,Equipment,1.0,,,,010103,BY3720210036,,1,,,,,2025,1,0,2025-04-03 15:50:30,0,,,,900104972,liujian2,2024-12-10 16:57:29,刘健,Y3720210036,山东日照岚山区污水处理项目-BOT,日照市岚山区污水厂,1202552,D007483,0001D210000000000GA7,日照市岚山云通水务有限公司,040062,污水,01,市政污水处理,0101,市政污水处理,010101,PS37037-01,日照岚山,PS37037,日照市岚山区污水厂,,,el02,,,,,,,1期,8154b460fd5740f1ae793a93efed0146,,,
27,Y3720210036,山东日照岚山区污水处理项目-BOT,PS37037A3020005002AYEq01,PS37037A3020005002AY,1期1#鼓风机房1#曝气风机,Eq01,Equipment,1.2,,,,010103,BY3720210036,,1,,,,,2025,1,0,2025-04-03 15:50:30,0,,,,900104972,liujian2,2024-12-11 09:37:39,刘健,Y3720210036,山东日照岚山区污水处理项目-BOT,日照市岚山区污水厂,1202552,D007483,0001D210000000000GA7,日照市岚山云通水务有限公司,040062,污水,01,市政污水处理,0101,市政污水处理,010101,PS37037-01,日照岚山,PS37037,日照市岚山区污水厂,,,el01,1.0,罗茨鼓风机,章丘章晃,,1期1#鼓风机房,一期1#罗茨鼓风机,1期,8154b460fd5740f1ae793a93efed0146,Y3720210036,1期1#鼓风机房,PS3703713
28,Y3720210036,山东日照岚山区污水处理项目-BOT,PS37037A3020005002AYEq04,PS37037A3020005002AY,1期1#鼓风机房1#曝气风机,Eq04,Equipment,0.2,I02,测试,,010103,BY3720210036,,1,,,,,2025,1,0,2025-04-03 15:50:30,0,,,,900104972,liujian2,2024-12-11 09:37:39,刘健,Y3720210036,山东日照岚山区污水处理项目-BOT,日照市岚山区污水厂,1202552,D007483,0001D210000000000GA7,日照市岚山云通水务有限公司,040062,污水,01,市政污水处理,0101,市政污水处理,010101,PS37037-01,日照岚山,PS37037,日照市岚山区污水厂,,,el01,1.0,罗茨鼓风机,章丘章晃,,1期1#鼓风机房,一期1#罗茨鼓风机,1期,8154b460fd5740f1ae793a93efed0146,Y3720210036,1期1#鼓风机房,PS3703713
29,Y3720210036,山东日照岚山区污水处理项目-BOT,PS37037A302000A004AYEq01,PS37037A302000A004AY,1期1#鼓风机房3#曝气风机,Eq01,Equipment,1.2,,,,010103,BY3720210036,,1,,,,,2025,1,0,2025-04-03 15:50:30,0,,,,900104972,liujian2,2024-12-11 09:37:39,刘健,Y3720210036,山东日照岚山区污水处理项目-BOT,日照市岚山区污水厂,1202552,D007483,0001D210000000000GA7,日照市岚山云通水务有限公司,040062,污水,01,市政污水处理,0101,市政污水处理,010101,PS37037-01,日照岚山,PS37037,日照市岚山区污水厂,,,el01,3.0,磁悬浮鼓风机,天津亿昇,,1期1#鼓风机房,一期3#磁悬浮鼓风机,1期,8154b460fd5740f1ae793a93efed0146,Y3720210036,1期1#鼓风机房,PS3703713
30,Y3720210036,山东日照岚山区污水处理项目-BOT,PS37037A302000A004AYEq04,PS37037A302000A004AY,1期1#鼓风机房3#曝气风机,Eq04,Equipment,0.2,I02,测试,,010103,BY3720210036,,1,,,,,2025,1,0,2025-04-03 15:50:30,0,,,,900104972,liujian2,2024-12-11 09:37:39,刘健,Y3720210036,山东日照岚山区污水处理项目-BOT,日照市岚山区污水厂,1202552,D007483,0001D210000000000GA7,日照市岚山云通水务有限公司,040062,污水,01,市政污水处理,0101,市政污水处理,010101,PS37037-01,日照岚山,PS37037,日照市岚山区污水厂,,,el01,3.0,磁悬浮鼓风机,天津亿昇,,1期1#鼓风机房,一期3#磁悬浮鼓风机,1期,8154b460fd5740f1ae793a93efed0146,Y3720210036,1期1#鼓风机房,PS3703713
31,Y3720210035,山东日照岚山污水处理厂二期项目-BOT,NE8e2add7eEq08,NE8e2add7e,1#1#除臭系统,Eq08,HR,24.0,I03,12,12,020101,BJ2025000234,测试0402,1,达标技改,0101,1,调整水价/水量,2025,1,0,2025-04-03 15:51:46,0,2024-10-29 14:05:09,,,,houyannan,2024-10-29 14:05:09,,Y3720210035,山东日照岚山污水处理厂二期项目-BOT,日照市岚山区污水厂,1202552,D007483,0001N6100000000BN0I8,日照市北控水务有限公司,040321,污水,01,市政污水处理,0101,市政污水处理,010101,PS37037-01,日照岚山,PS37037,日照市岚山区污水厂,2024-01-01,2024-01-01,el02,,XT001,,,,,,,,,
32,Y3720210035,山东日照岚山污水处理厂二期项目-BOT,NE994b0925Eq06,NE994b0925,1期1#沉砂池#1#氨氮分析仪,Eq06,HR,24.0,I03,12,12,020101,BJ2025000234,测试0402,1,达标技改,0101,1,调整水价/水量,2025,1,0,2025-04-03 15:51:46,0,2024-10-29 14:01:57,,,,houyannan,2024-10-29 14:02:28,,Y3720210035,山东日照岚山污水处理厂二期项目-BOT,日照市岚山区污水厂,1202552,D007483,0001N6100000000BN0I8,日照市北控水务有限公司,040321,污水,01,市政污水处理,0101,市政污水处理,010101,PS37037-01,日照岚山,PS37037,日照市岚山区污水厂,2024-01-01,2024-01-01,el01,,CEQ020001,12,,1期1#沉砂池,,,,,,
33,Y3720210035,山东日照岚山污水处理厂二期项目-BOT,PS37037010600030B5BNEq01,PS37037010600030B5BN,1期1#粗格栅1#总进水闸门,Eq01,Equipment,52.0,,,,010103,BY3720210035,,1,,,,,2025,1,0,2025-04-03 15:51:46,0,,,,900104972,w-chenjinglei01,2025-04-02 13:30:17,陈晶磊,Y3720210035,山东日照岚山污水处理厂二期项目-BOT,日照市岚山区污水厂,1202552,D007483,0001N6100000000BN0I8,日照市北控水务有限公司,040321,污水,01,市政污水处理,0101,市政污水处理,010101,PS37037-01,日照岚山,PS37037,日照市岚山区污水厂,2024-01-01,2024-01-01,el01,1.0,插板闸门,华利嘉,OR01,1期1#粗格栅, ,1期,9ab9fed5cc324b288a28668c83bfba5d,,,
34,Y3720210035,山东日照岚山污水处理厂二期项目-BOT,PS37037010600030B5BNEq04,PS37037010600030B5BN,1期1#粗格栅1#总进水闸门,Eq04,Equipment,10.0,I02,设备日常维修的维修内容plan_dc,,010103,BY3720210035,,1,,,,,2025,1,0,2025-04-03 15:51:46,0,,,,900104972,w-chenjinglei01,2025-04-02 13:30:17,陈晶磊,Y3720210035,山东日照岚山污水处理厂二期项目-BOT,日照市岚山区污水厂,1202552,D007483,0001N6100000000BN0I8,日照市北控水务有限公司,040321,污水,01,市政污水处理,0101,市政污水处理,010101,PS37037-01,日照岚山,PS37037,日照市岚山区污水厂,2024-01-01,2024-01-01,el01,1.0,插板闸门,华利嘉,OR01,1期1#粗格栅, ,1期,9ab9fed5cc324b288a28668c83bfba5d,,,
35,Y3720210035,山东日照岚山污水处理厂二期项目-BOT,PS37037010600030B5BNEq05,PS37037010600030B5BN,1期1#粗格栅1#总进水闸门,Eq05,HR,24.0,I03,12,测试,020101,BJ2025000234,测试0402,1,达标技改,0101,1,调整水价/水量,2025,1,0,2025-04-03 15:51:46,0,,,,900104972,w-chenjinglei01,2025-04-02 13:30:17,陈晶磊,Y3720210035,山东日照岚山污水处理厂二期项目-BOT,日照市岚山区污水厂,1202552,D007483,0001N6100000000BN0I8,日照市北控水务有限公司,040321,污水,01,市政污水处理,0101,市政污水处理,010101,PS37037-01,日照岚山,PS37037,日照市岚山区污水厂,2024-01-01,2024-01-01,el01,1.0,插板闸门,华利嘉,OR01,1期1#粗格栅, ,1期,9ab9fed5cc324b288a28668c83bfba5d,,,
36,Y3720210035,山东日照岚山污水处理厂二期项目-BOT,PS370370A030003003AYEq05,PS370370A030003003AY,1期1#粗格栅1#粗格栅,Eq05,Equipment,2.0,,1,1,010103,BY3720210035,,1,,,,,2025,1,0,2025-04-03 15:51:46,0,,,,900104972,w-chenjinglei01,2025-04-02 14:07:41,陈晶磊,Y3720210035,山东日照岚山污水处理厂二期项目-BOT,日照市岚山区污水厂,1202552,D007483,0001N6100000000BN0I8,日照市北控水务有限公司,040321,污水,01,市政污水处理,0101,市政污水处理,010101,PS37037-01,日照岚山,PS37037,日照市岚山区污水厂,2025-01-01,2025-08-01,el01,1.0,回转式格栅,江苏通用,OR01,1期1#粗格栅,1#粗格栅,1期,9ab9fed5cc324b288a28668c83bfba5d,,,
